<?xml version="1.0" encoding="utf-8"?>
<!--/972005/28653/2.50/36/4/Connector/-->
<quadcept_library>
  <setting unit="mil" />
  <textstyle name="Default" height="47.244094488189" strokewidth="7.8740157480315" charwidth="47.244094488189" />
  <textstyle name="Dimension" height="19.6850393700787" strokewidth="0" charwidth="19.6850393700787" />
  <textstyle name="H127W0635TH00762" height="50" strokewidth="3" charwidth="25" />
  <textstyle name="H15W15TH02" height="59.0551181102362" strokewidth="7.8740157480315" charwidth="59.0551181102362" />
  <padstyle name="c80_h42" surface="False" plated="True" isvia="False" nopaste="True" nomask="True" complex="False" holesize="16.535433070866">
    <padshape layer="TOP" shape="round" width="31.496062992126" height="31.496062992126" />
    <padshape layer="TOP_SOLDER_MASK" shape="round" width="39.370078740157" height="39.370078740157" />
    <padshape layer="INNER" shape="round" width="31.496062992126" height="31.496062992126" />
    <padshape layer="BOTTOM" shape="round" width="31.496062992126" height="31.496062992126" />
    <padshape layer="BOTTOM_SOLDER_MASK" shape="round" width="39.370078740157" height="39.370078740157" />
  </padstyle>
  <padstyle name="s80_h42" surface="False" plated="True" isvia="False" nopaste="True" nomask="True" complex="False" holesize="16.535433070866">
    <padshape layer="TOP" shape="square" width="31.496062992126" height="31.496062992126" />
    <padshape layer="TOP_SOLDER_MASK" shape="square" width="39.370078740157" height="39.370078740157" />
    <padshape layer="INNER" shape="square" width="31.496062992126" height="31.496062992126" />
    <padshape layer="BOTTOM" shape="square" width="31.496062992126" height="31.496062992126" />
    <padshape layer="BOTTOM_SOLDER_MASK" shape="square" width="39.370078740157" height="39.370078740157" />
  </padstyle>
  <padstyle name="c112.5_h225" surface="False" plated="True" isvia="False" nopaste="True" nomask="True" complex="False" holesize="88.582677165353">
    <padshape layer="TOP" shape="round" width="44.291338582677" height="44.291338582677" />
    <padshape layer="TOP_SOLDER_MASK" shape="round" width="52.165354330708" height="52.165354330708" />
    <padshape layer="INNER" shape="round" width="44.291338582677" height="44.291338582677" />
    <padshape layer="BOTTOM" shape="round" width="44.291338582677" height="44.291338582677" />
    <padshape layer="BOTTOM_SOLDER_MASK" shape="round" width="52.165354330708" height="52.165354330708" />
  </padstyle>
  <footprint name="22275951" originx="0" originy="0" pickpointx="0" pickpointy="0">
    <pcbpin number="1" name="A1" style="s80_h42" originx="0" originy="0" rotation="90" />
    <pcbpin number="2" name="A2" style="c80_h42" originx="55.11811023622" originy="29.527559055118" rotation="90" />
    <pcbpin number="3" name="A3" style="c80_h42" originx="27.55905511811" originy="59.055118110235" rotation="90" />
    <pcbpin number="4" name="A4" style="c80_h42" originx="0" originy="88.582677165353" rotation="90" />
    <pcbpin number="5" name="A5" style="c80_h42" originx="55.11811023622" originy="118.11023622047" rotation="90" />
    <pcbpin number="6" name="A6" style="c80_h42" originx="27.55905511811" originy="147.63779527559" rotation="90" />
    <pcbpin number="7" name="A7" style="c80_h42" originx="0" originy="177.16535433071" rotation="90" />
    <pcbpin number="8" name="A8" style="c80_h42" originx="55.11811023622" originy="206.69291338582" rotation="90" />
    <pcbpin number="9" name="A9" style="c80_h42" originx="27.55905511811" originy="236.22047244094" rotation="90" />
    <pcbpin number="10" name="B1" style="s80_h42" originx="-149.6062992126" originy="0" rotation="90" />
    <pcbpin number="11" name="B2" style="c80_h42" originx="-94.488188976377" originy="29.527559055118" rotation="90" />
    <pcbpin number="12" name="B3" style="c80_h42" originx="-122.04724409449" originy="59.055118110235" rotation="90" />
    <pcbpin number="13" name="B4" style="c80_h42" originx="-149.6062992126" originy="88.582677165353" rotation="90" />
    <pcbpin number="14" name="B5" style="c80_h42" originx="-94.488188976377" originy="118.11023622047" rotation="90" />
    <pcbpin number="15" name="B6" style="c80_h42" originx="-122.04724409449" originy="147.63779527559" rotation="90" />
    <pcbpin number="16" name="B7" style="c80_h42" originx="-149.6062992126" originy="177.16535433071" rotation="90" />
    <pcbpin number="17" name="B8" style="c80_h42" originx="-94.488188976377" originy="206.69291338582" rotation="90" />
    <pcbpin number="18" name="B9" style="c80_h42" originx="-122.04724409449" originy="236.22047244094" rotation="90" />
    <pcbpin number="19" name="C1" style="s80_h42" originx="-299.21259842519" originy="0" rotation="90" />
    <pcbpin number="20" name="C2" style="c80_h42" originx="-244.09448818897" originy="29.527559055118" rotation="90" />
    <pcbpin number="21" name="C3" style="c80_h42" originx="-271.65354330708" originy="59.055118110235" rotation="90" />
    <pcbpin number="22" name="C4" style="c80_h42" originx="-299.21259842519" originy="88.582677165353" rotation="90" />
    <pcbpin number="23" name="C5" style="c80_h42" originx="-244.09448818897" originy="118.11023622047" rotation="90" />
    <pcbpin number="24" name="C6" style="c80_h42" originx="-271.65354330708" originy="147.63779527559" rotation="90" />
    <pcbpin number="25" name="C7" style="c80_h42" originx="-299.21259842519" originy="177.16535433071" rotation="90" />
    <pcbpin number="26" name="C8" style="c80_h42" originx="-244.09448818897" originy="206.69291338582" rotation="90" />
    <pcbpin number="27" name="C9" style="c80_h42" originx="-271.65354330708" originy="236.22047244094" rotation="90" />
    <pcbpin number="28" name="D1" style="s80_h42" originx="-448.81889763779" originy="0" rotation="90" />
    <pcbpin number="29" name="D2" style="c80_h42" originx="-393.70078740157" originy="29.527559055118" rotation="90" />
    <pcbpin number="30" name="D3" style="c80_h42" originx="-421.25984251968" originy="59.055118110235" rotation="90" />
    <pcbpin number="31" name="D4" style="c80_h42" originx="-448.81889763779" originy="88.582677165353" rotation="90" />
    <pcbpin number="32" name="D5" style="c80_h42" originx="-393.70078740157" originy="118.11023622047" rotation="90" />
    <pcbpin number="33" name="D6" style="c80_h42" originx="-421.25984251968" originy="147.63779527559" rotation="90" />
    <pcbpin number="34" name="D7" style="c80_h42" originx="-448.81889763779" originy="177.16535433071" rotation="90" />
    <pcbpin number="35" name="D8" style="c80_h42" originx="-393.70078740157" originy="206.69291338582" rotation="90" />
    <pcbpin number="36" name="D9" style="c80_h42" originx="-421.25984251968" originy="236.22047244094" rotation="90" />
    <pcbpin number="37" name="MH1" style="c112.5_h225" originx="51.181102362204" originy="-118.11023622047" rotation="90" />
    <pcbpin number="38" name="MH2" style="c112.5_h225" originx="51.181102362204" originy="354.33070866141" rotation="90" />
    <pcbpin number="39" name="MH3" style="c112.5_h225" originx="-421.25984251968" originy="-118.11023622047" rotation="90" />
    <pcbpin number="40" name="MH4" style="c112.5_h225" originx="-421.25984251968" originy="354.33070866141" rotation="90" />
    <line layer="TOP_ASSEMBLY" originx="-559.05511811023" originy="416.33858267716" endx="165.35433070866" endy="416.33858267716" width="7.8740157480314" />
    <line layer="TOP_ASSEMBLY" originx="165.35433070866" originy="416.33858267716" endx="165.35433070866" endy="-180.11811023622" width="7.8740157480314" />
    <line layer="TOP_ASSEMBLY" originx="165.35433070866" originy="-180.11811023622" endx="-559.05511811023" endy="-180.11811023622" width="7.8740157480314" />
    <line layer="TOP_ASSEMBLY" originx="-559.05511811023" originy="-180.11811023622" endx="-559.05511811023" endy="416.33858267716" width="7.8740157480314" />
    <line layer="TOP_SILKSCREEN" originx="-559.05511811023" originy="416.33858267716" endx="165.35433070866" endy="416.33858267716" width="3.9370078740157" />
    <line layer="TOP_SILKSCREEN" originx="165.35433070866" originy="416.33858267716" endx="165.35433070866" endy="-180.11811023622" width="3.9370078740157" />
    <line layer="TOP_SILKSCREEN" originx="165.35433070866" originy="-180.11811023622" endx="-559.05511811023" endy="-180.11811023622" width="3.9370078740157" />
    <line layer="TOP_SILKSCREEN" originx="-559.05511811023" originy="-180.11811023622" endx="-559.05511811023" endy="416.33858267716" width="3.9370078740157" />
    <line layer="TOP_PLACE_BOUND" originx="-598.42519685039" originy="455.70866141732" endx="204.72440944882" endy="455.70866141732" width="3.9370078740157" />
    <line layer="TOP_PLACE_BOUND" originx="204.72440944882" originy="455.70866141732" endx="204.72440944882" endy="-219.48818897638" width="3.9370078740157" />
    <line layer="TOP_PLACE_BOUND" originx="204.72440944882" originy="-219.48818897638" endx="-598.42519685039" endy="-219.48818897638" width="3.9370078740157" />
    <line layer="TOP_PLACE_BOUND" originx="-598.42519685039" originy="-219.48818897638" endx="-598.42519685039" endy="455.70866141732" width="3.9370078740157" />
  </footprint>
  <symbol name="2227595-1" originx="0" originy="0">
    <line originx="200" originy="100" endx="700" endy="100" width="0" />
    <line originx="700" originy="-1800" endx="700" endy="100" width="0" />
    <line originx="700" originy="-1800" endx="200" endy="-1800" width="0" />
    <line originx="200" originy="100" endx="200" endy="-1800" width="0" />
    <sympin number="1" originx="200" originy="0" rotation="180" length="100" width="7.8740157480315" flipped="False">
      <text name="pinname" originx="230" originy="0" style="Default" rotation="0" justify="left" flipped="False" hidden="False" data="A1" />
      <text name="pindes" originx="140" originy="20" style="Default" rotation="0" justify="lowerright" flipped="False" hidden="False" data="A1" />
    </sympin>
    <sympin number="2" originx="200" originy="-100" rotation="180" length="100" width="7.8740157480315" flipped="False">
      <text name="pinname" originx="230" originy="-100" style="Default" rotation="0" justify="left" flipped="False" hidden="False" data="A2" />
      <text name="pindes" originx="140" originy="-80" style="Default" rotation="0" justify="lowerright" flipped="False" hidden="False" data="A2" />
    </sympin>
    <sympin number="3" originx="200" originy="-200" rotation="180" length="100" width="7.8740157480315" flipped="False">
      <text name="pinname" originx="230" originy="-200" style="Default" rotation="0" justify="left" flipped="False" hidden="False" data="A3" />
      <text name="pindes" originx="140" originy="-180" style="Default" rotation="0" justify="lowerright" flipped="False" hidden="False" data="A3" />
    </sympin>
    <sympin number="4" originx="200" originy="-300" rotation="180" length="100" width="7.8740157480315" flipped="False">
      <text name="pinname" originx="230" originy="-300" style="Default" rotation="0" justify="left" flipped="False" hidden="False" data="A4" />
      <text name="pindes" originx="140" originy="-280" style="Default" rotation="0" justify="lowerright" flipped="False" hidden="False" data="A4" />
    </sympin>
    <sympin number="5" originx="200" originy="-400" rotation="180" length="100" width="7.8740157480315" flipped="False">
      <text name="pinname" originx="230" originy="-400" style="Default" rotation="0" justify="left" flipped="False" hidden="False" data="A5" />
      <text name="pindes" originx="140" originy="-380" style="Default" rotation="0" justify="lowerright" flipped="False" hidden="False" data="A5" />
    </sympin>
    <sympin number="6" originx="200" originy="-500" rotation="180" length="100" width="7.8740157480315" flipped="False">
      <text name="pinname" originx="230" originy="-500" style="Default" rotation="0" justify="left" flipped="False" hidden="False" data="A6" />
      <text name="pindes" originx="140" originy="-480" style="Default" rotation="0" justify="lowerright" flipped="False" hidden="False" data="A6" />
    </sympin>
    <sympin number="7" originx="200" originy="-600" rotation="180" length="100" width="7.8740157480315" flipped="False">
      <text name="pinname" originx="230" originy="-600" style="Default" rotation="0" justify="left" flipped="False" hidden="False" data="A7" />
      <text name="pindes" originx="140" originy="-580" style="Default" rotation="0" justify="lowerright" flipped="False" hidden="False" data="A7" />
    </sympin>
    <sympin number="8" originx="200" originy="-700" rotation="180" length="100" width="7.8740157480315" flipped="False">
      <text name="pinname" originx="230" originy="-700" style="Default" rotation="0" justify="left" flipped="False" hidden="False" data="A8" />
      <text name="pindes" originx="140" originy="-680" style="Default" rotation="0" justify="lowerright" flipped="False" hidden="False" data="A8" />
    </sympin>
    <sympin number="9" originx="200" originy="-800" rotation="180" length="100" width="7.8740157480315" flipped="False">
      <text name="pinname" originx="230" originy="-800" style="Default" rotation="0" justify="left" flipped="False" hidden="False" data="A9" />
      <text name="pindes" originx="140" originy="-780" style="Default" rotation="0" justify="lowerright" flipped="False" hidden="False" data="A9" />
    </sympin>
    <sympin number="10" originx="200" originy="-900" rotation="180" length="100" width="7.8740157480315" flipped="False">
      <text name="pinname" originx="230" originy="-900" style="Default" rotation="0" justify="left" flipped="False" hidden="False" data="B1" />
      <text name="pindes" originx="140" originy="-880" style="Default" rotation="0" justify="lowerright" flipped="False" hidden="False" data="B1" />
    </sympin>
    <sympin number="11" originx="200" originy="-1000" rotation="180" length="100" width="7.8740157480315" flipped="False">
      <text name="pinname" originx="230" originy="-1000" style="Default" rotation="0" justify="left" flipped="False" hidden="False" data="B2" />
      <text name="pindes" originx="140" originy="-980" style="Default" rotation="0" justify="lowerright" flipped="False" hidden="False" data="B2" />
    </sympin>
    <sympin number="12" originx="200" originy="-1100" rotation="180" length="100" width="7.8740157480315" flipped="False">
      <text name="pinname" originx="230" originy="-1100" style="Default" rotation="0" justify="left" flipped="False" hidden="False" data="B3" />
      <text name="pindes" originx="140" originy="-1080" style="Default" rotation="0" justify="lowerright" flipped="False" hidden="False" data="B3" />
    </sympin>
    <sympin number="13" originx="200" originy="-1200" rotation="180" length="100" width="7.8740157480315" flipped="False">
      <text name="pinname" originx="230" originy="-1200" style="Default" rotation="0" justify="left" flipped="False" hidden="False" data="B4" />
      <text name="pindes" originx="140" originy="-1180" style="Default" rotation="0" justify="lowerright" flipped="False" hidden="False" data="B4" />
    </sympin>
    <sympin number="14" originx="200" originy="-1300" rotation="180" length="100" width="7.8740157480315" flipped="False">
      <text name="pinname" originx="230" originy="-1300" style="Default" rotation="0" justify="left" flipped="False" hidden="False" data="B5" />
      <text name="pindes" originx="140" originy="-1280" style="Default" rotation="0" justify="lowerright" flipped="False" hidden="False" data="B5" />
    </sympin>
    <sympin number="15" originx="200" originy="-1400" rotation="180" length="100" width="7.8740157480315" flipped="False">
      <text name="pinname" originx="230" originy="-1400" style="Default" rotation="0" justify="left" flipped="False" hidden="False" data="B6" />
      <text name="pindes" originx="140" originy="-1380" style="Default" rotation="0" justify="lowerright" flipped="False" hidden="False" data="B6" />
    </sympin>
    <sympin number="16" originx="200" originy="-1500" rotation="180" length="100" width="7.8740157480315" flipped="False">
      <text name="pinname" originx="230" originy="-1500" style="Default" rotation="0" justify="left" flipped="False" hidden="False" data="B7" />
      <text name="pindes" originx="140" originy="-1480" style="Default" rotation="0" justify="lowerright" flipped="False" hidden="False" data="B7" />
    </sympin>
    <sympin number="17" originx="200" originy="-1600" rotation="180" length="100" width="7.8740157480315" flipped="False">
      <text name="pinname" originx="230" originy="-1600" style="Default" rotation="0" justify="left" flipped="False" hidden="False" data="B8" />
      <text name="pindes" originx="140" originy="-1580" style="Default" rotation="0" justify="lowerright" flipped="False" hidden="False" data="B8" />
    </sympin>
    <sympin number="18" originx="200" originy="-1700" rotation="180" length="100" width="7.8740157480315" flipped="False">
      <text name="pinname" originx="230" originy="-1700" style="Default" rotation="0" justify="left" flipped="False" hidden="False" data="B9" />
      <text name="pindes" originx="140" originy="-1680" style="Default" rotation="0" justify="lowerright" flipped="False" hidden="False" data="B9" />
    </sympin>
    <sympin number="19" originx="700" originy="0" rotation="0" length="100" width="7.8740157480315" flipped="False">
      <text name="pinname" originx="670" originy="0" style="Default" rotation="0" justify="right" flipped="False" hidden="False" data="C1" />
      <text name="pindes" originx="760" originy="20" style="Default" rotation="0" justify="lowerleft" flipped="False" hidden="False" data="C1" />
    </sympin>
    <sympin number="20" originx="700" originy="-100" rotation="0" length="100" width="7.8740157480315" flipped="False">
      <text name="pinname" originx="670" originy="-100" style="Default" rotation="0" justify="right" flipped="False" hidden="False" data="C2" />
      <text name="pindes" originx="760" originy="-80" style="Default" rotation="0" justify="lowerleft" flipped="False" hidden="False" data="C2" />
    </sympin>
    <sympin number="21" originx="700" originy="-200" rotation="0" length="100" width="7.8740157480315" flipped="False">
      <text name="pinname" originx="670" originy="-200" style="Default" rotation="0" justify="right" flipped="False" hidden="False" data="C3" />
      <text name="pindes" originx="760" originy="-180" style="Default" rotation="0" justify="lowerleft" flipped="False" hidden="False" data="C3" />
    </sympin>
    <sympin number="22" originx="700" originy="-300" rotation="0" length="100" width="7.8740157480315" flipped="False">
      <text name="pinname" originx="670" originy="-300" style="Default" rotation="0" justify="right" flipped="False" hidden="False" data="C4" />
      <text name="pindes" originx="760" originy="-280" style="Default" rotation="0" justify="lowerleft" flipped="False" hidden="False" data="C4" />
    </sympin>
    <sympin number="23" originx="700" originy="-400" rotation="0" length="100" width="7.8740157480315" flipped="False">
      <text name="pinname" originx="670" originy="-400" style="Default" rotation="0" justify="right" flipped="False" hidden="False" data="C5" />
      <text name="pindes" originx="760" originy="-380" style="Default" rotation="0" justify="lowerleft" flipped="False" hidden="False" data="C5" />
    </sympin>
    <sympin number="24" originx="700" originy="-500" rotation="0" length="100" width="7.8740157480315" flipped="False">
      <text name="pinname" originx="670" originy="-500" style="Default" rotation="0" justify="right" flipped="False" hidden="False" data="C6" />
      <text name="pindes" originx="760" originy="-480" style="Default" rotation="0" justify="lowerleft" flipped="False" hidden="False" data="C6" />
    </sympin>
    <sympin number="25" originx="700" originy="-600" rotation="0" length="100" width="7.8740157480315" flipped="False">
      <text name="pinname" originx="670" originy="-600" style="Default" rotation="0" justify="right" flipped="False" hidden="False" data="C7" />
      <text name="pindes" originx="760" originy="-580" style="Default" rotation="0" justify="lowerleft" flipped="False" hidden="False" data="C7" />
    </sympin>
    <sympin number="26" originx="700" originy="-700" rotation="0" length="100" width="7.8740157480315" flipped="False">
      <text name="pinname" originx="670" originy="-700" style="Default" rotation="0" justify="right" flipped="False" hidden="False" data="C8" />
      <text name="pindes" originx="760" originy="-680" style="Default" rotation="0" justify="lowerleft" flipped="False" hidden="False" data="C8" />
    </sympin>
    <sympin number="27" originx="700" originy="-800" rotation="0" length="100" width="7.8740157480315" flipped="False">
      <text name="pinname" originx="670" originy="-800" style="Default" rotation="0" justify="right" flipped="False" hidden="False" data="C9" />
      <text name="pindes" originx="760" originy="-780" style="Default" rotation="0" justify="lowerleft" flipped="False" hidden="False" data="C9" />
    </sympin>
    <sympin number="28" originx="700" originy="-900" rotation="0" length="100" width="7.8740157480315" flipped="False">
      <text name="pinname" originx="670" originy="-900" style="Default" rotation="0" justify="right" flipped="False" hidden="False" data="D1" />
      <text name="pindes" originx="760" originy="-880" style="Default" rotation="0" justify="lowerleft" flipped="False" hidden="False" data="D1" />
    </sympin>
    <sympin number="29" originx="700" originy="-1000" rotation="0" length="100" width="7.8740157480315" flipped="False">
      <text name="pinname" originx="670" originy="-1000" style="Default" rotation="0" justify="right" flipped="False" hidden="False" data="D2" />
      <text name="pindes" originx="760" originy="-980" style="Default" rotation="0" justify="lowerleft" flipped="False" hidden="False" data="D2" />
    </sympin>
    <sympin number="30" originx="700" originy="-1100" rotation="0" length="100" width="7.8740157480315" flipped="False">
      <text name="pinname" originx="670" originy="-1100" style="Default" rotation="0" justify="right" flipped="False" hidden="False" data="D3" />
      <text name="pindes" originx="760" originy="-1080" style="Default" rotation="0" justify="lowerleft" flipped="False" hidden="False" data="D3" />
    </sympin>
    <sympin number="31" originx="700" originy="-1200" rotation="0" length="100" width="7.8740157480315" flipped="False">
      <text name="pinname" originx="670" originy="-1200" style="Default" rotation="0" justify="right" flipped="False" hidden="False" data="D4" />
      <text name="pindes" originx="760" originy="-1180" style="Default" rotation="0" justify="lowerleft" flipped="False" hidden="False" data="D4" />
    </sympin>
    <sympin number="32" originx="700" originy="-1300" rotation="0" length="100" width="7.8740157480315" flipped="False">
      <text name="pinname" originx="670" originy="-1300" style="Default" rotation="0" justify="right" flipped="False" hidden="False" data="D5" />
      <text name="pindes" originx="760" originy="-1280" style="Default" rotation="0" justify="lowerleft" flipped="False" hidden="False" data="D5" />
    </sympin>
    <sympin number="33" originx="700" originy="-1400" rotation="0" length="100" width="7.8740157480315" flipped="False">
      <text name="pinname" originx="670" originy="-1400" style="Default" rotation="0" justify="right" flipped="False" hidden="False" data="D6" />
      <text name="pindes" originx="760" originy="-1380" style="Default" rotation="0" justify="lowerleft" flipped="False" hidden="False" data="D6" />
    </sympin>
    <sympin number="34" originx="700" originy="-1500" rotation="0" length="100" width="7.8740157480315" flipped="False">
      <text name="pinname" originx="670" originy="-1500" style="Default" rotation="0" justify="right" flipped="False" hidden="False" data="D7" />
      <text name="pindes" originx="760" originy="-1480" style="Default" rotation="0" justify="lowerleft" flipped="False" hidden="False" data="D7" />
    </sympin>
    <sympin number="35" originx="700" originy="-1600" rotation="0" length="100" width="7.8740157480315" flipped="False">
      <text name="pinname" originx="670" originy="-1600" style="Default" rotation="0" justify="right" flipped="False" hidden="False" data="D8" />
      <text name="pindes" originx="760" originy="-1580" style="Default" rotation="0" justify="lowerleft" flipped="False" hidden="False" data="D8" />
    </sympin>
    <sympin number="36" originx="700" originy="-1700" rotation="0" length="100" width="7.8740157480315" flipped="False">
      <text name="pinname" originx="670" originy="-1700" style="Default" rotation="0" justify="right" flipped="False" hidden="False" data="D9" />
      <text name="pindes" originx="760" originy="-1680" style="Default" rotation="0" justify="lowerleft" flipped="False" hidden="False" data="D9" />
    </sympin>
  </symbol>
  <component name="2227595-1" designatorprefix="J" height="559.05511811023" footprint="22275951">
    <comppin designator="A1" sympin="1" pinswap="0" gateswap="0" gate="1" group="1" side="" type="Any" name="A1" />
    <comppin designator="A2" sympin="2" pinswap="0" gateswap="0" gate="1" group="1" side="" type="Any" name="A2" />
    <comppin designator="A3" sympin="3" pinswap="0" gateswap="0" gate="1" group="1" side="" type="Any" name="A3" />
    <comppin designator="A4" sympin="4" pinswap="0" gateswap="0" gate="1" group="1" side="" type="Any" name="A4" />
    <comppin designator="A5" sympin="5" pinswap="0" gateswap="0" gate="1" group="1" side="" type="Any" name="A5" />
    <comppin designator="A6" sympin="6" pinswap="0" gateswap="0" gate="1" group="1" side="" type="Any" name="A6" />
    <comppin designator="A7" sympin="7" pinswap="0" gateswap="0" gate="1" group="1" side="" type="Any" name="A7" />
    <comppin designator="A8" sympin="8" pinswap="0" gateswap="0" gate="1" group="1" side="" type="Any" name="A8" />
    <comppin designator="A9" sympin="9" pinswap="0" gateswap="0" gate="1" group="1" side="" type="Any" name="A9" />
    <comppin designator="B1" sympin="10" pinswap="0" gateswap="0" gate="1" group="1" side="" type="Any" name="B1" />
    <comppin designator="B2" sympin="11" pinswap="0" gateswap="0" gate="1" group="1" side="" type="Any" name="B2" />
    <comppin designator="B3" sympin="12" pinswap="0" gateswap="0" gate="1" group="1" side="" type="Any" name="B3" />
    <comppin designator="B4" sympin="13" pinswap="0" gateswap="0" gate="1" group="1" side="" type="Any" name="B4" />
    <comppin designator="B5" sympin="14" pinswap="0" gateswap="0" gate="1" group="1" side="" type="Any" name="B5" />
    <comppin designator="B6" sympin="15" pinswap="0" gateswap="0" gate="1" group="1" side="" type="Any" name="B6" />
    <comppin designator="B7" sympin="16" pinswap="0" gateswap="0" gate="1" group="1" side="" type="Any" name="B7" />
    <comppin designator="B8" sympin="17" pinswap="0" gateswap="0" gate="1" group="1" side="" type="Any" name="B8" />
    <comppin designator="B9" sympin="18" pinswap="0" gateswap="0" gate="1" group="1" side="" type="Any" name="B9" />
    <comppin designator="C1" sympin="19" pinswap="0" gateswap="0" gate="1" group="1" side="" type="Any" name="C1" />
    <comppin designator="C2" sympin="20" pinswap="0" gateswap="0" gate="1" group="1" side="" type="Any" name="C2" />
    <comppin designator="C3" sympin="21" pinswap="0" gateswap="0" gate="1" group="1" side="" type="Any" name="C3" />
    <comppin designator="C4" sympin="22" pinswap="0" gateswap="0" gate="1" group="1" side="" type="Any" name="C4" />
    <comppin designator="C5" sympin="23" pinswap="0" gateswap="0" gate="1" group="1" side="" type="Any" name="C5" />
    <comppin designator="C6" sympin="24" pinswap="0" gateswap="0" gate="1" group="1" side="" type="Any" name="C6" />
    <comppin designator="C7" sympin="25" pinswap="0" gateswap="0" gate="1" group="1" side="" type="Any" name="C7" />
    <comppin designator="C8" sympin="26" pinswap="0" gateswap="0" gate="1" group="1" side="" type="Any" name="C8" />
    <comppin designator="C9" sympin="27" pinswap="0" gateswap="0" gate="1" group="1" side="" type="Any" name="C9" />
    <comppin designator="D1" sympin="28" pinswap="0" gateswap="0" gate="1" group="1" side="" type="Any" name="D1" />
    <comppin designator="D2" sympin="29" pinswap="0" gateswap="0" gate="1" group="1" side="" type="Any" name="D2" />
    <comppin designator="D3" sympin="30" pinswap="0" gateswap="0" gate="1" group="1" side="" type="Any" name="D3" />
    <comppin designator="D4" sympin="31" pinswap="0" gateswap="0" gate="1" group="1" side="" type="Any" name="D4" />
    <comppin designator="D5" sympin="32" pinswap="0" gateswap="0" gate="1" group="1" side="" type="Any" name="D5" />
    <comppin designator="D6" sympin="33" pinswap="0" gateswap="0" gate="1" group="1" side="" type="Any" name="D6" />
    <comppin designator="D7" sympin="34" pinswap="0" gateswap="0" gate="1" group="1" side="" type="Any" name="D7" />
    <comppin designator="D8" sympin="35" pinswap="0" gateswap="0" gate="1" group="1" side="" type="Any" name="D8" />
    <comppin designator="D9" sympin="36" pinswap="0" gateswap="0" gate="1" group="1" side="" type="Any" name="D9" />
    <attached_symbol gate="1" name="2227595-1" />
    <pinmap designator="A1" footprintpin="1" />
    <pinmap designator="A2" footprintpin="2" />
    <pinmap designator="A3" footprintpin="3" />
    <pinmap designator="A4" footprintpin="4" />
    <pinmap designator="A5" footprintpin="5" />
    <pinmap designator="A6" footprintpin="6" />
    <pinmap designator="A7" footprintpin="7" />
    <pinmap designator="A8" footprintpin="8" />
    <pinmap designator="A9" footprintpin="9" />
    <pinmap designator="B1" footprintpin="10" />
    <pinmap designator="B2" footprintpin="11" />
    <pinmap designator="B3" footprintpin="12" />
    <pinmap designator="B4" footprintpin="13" />
    <pinmap designator="B5" footprintpin="14" />
    <pinmap designator="B6" footprintpin="15" />
    <pinmap designator="B7" footprintpin="16" />
    <pinmap designator="B8" footprintpin="17" />
    <pinmap designator="B9" footprintpin="18" />
    <pinmap designator="C1" footprintpin="19" />
    <pinmap designator="C2" footprintpin="20" />
    <pinmap designator="C3" footprintpin="21" />
    <pinmap designator="C4" footprintpin="22" />
    <pinmap designator="C5" footprintpin="23" />
    <pinmap designator="C6" footprintpin="24" />
    <pinmap designator="C7" footprintpin="25" />
    <pinmap designator="C8" footprintpin="26" />
    <pinmap designator="C9" footprintpin="27" />
    <pinmap designator="D1" footprintpin="28" />
    <pinmap designator="D2" footprintpin="29" />
    <pinmap designator="D3" footprintpin="30" />
    <pinmap designator="D4" footprintpin="31" />
    <pinmap designator="D5" footprintpin="32" />
    <pinmap designator="D6" footprintpin="33" />
    <pinmap designator="D7" footprintpin="34" />
    <pinmap designator="D8" footprintpin="35" />
    <pinmap designator="D9" footprintpin="36" />
    <text name="Datasheet" originx="0" originy="0" style="Default" rotation="0" justify="" flipped="False" hidden="True" data="http://www.te.com/commerce/DocumentDelivery/DDEController?Action=srchrtrv&amp;DocNm=2227595&amp;DocType=Customer Drawing&amp;DocLang=English" />
    <text name="Description" originx="0" originy="0" style="Default" rotation="0" justify="" flipped="False" hidden="True" data="I/O Connectors 1X1 VERT ASSY, MINI SAS HD INTERNAL" />
    <text name="Manufacturer_Name" originx="0" originy="0" style="Default" rotation="0" justify="" flipped="False" hidden="True" data="TE Connectivity" />
    <text name="Manufacturer_Part_Number" originx="750" originy="200" style="Default" rotation="0" justify="left" flipped="False" hidden="False" data="2227595-1" />
    <text name="Mouser Part Number" originx="0" originy="0" style="Default" rotation="0" justify="" flipped="False" hidden="True" data="571-2227595-1" />
    <text name="Mouser Price/Stock" originx="0" originy="0" style="Default" rotation="0" justify="" flipped="False" hidden="True" data="https://www.mouser.co.uk/ProductDetail/TE-Connectivity/2227595-1?qs=ZH26iPUykMX7%2FUCsNC121Q%3D%3D" />
    <text name="Arrow Part Number" originx="0" originy="0" style="Default" rotation="0" justify="" flipped="False" hidden="True" data="" />
    <text name="Arrow Price/Stock" originx="0" originy="0" style="Default" rotation="0" justify="" flipped="False" hidden="True" data="" />
  </component>
</quadcept_library>
